Column1,affiliation_id,nama_pt,jml_dokumen_institusi,jml_dokumen_afiliasi_only,jml_author,asal_kota_pt,provinsi_pt,flag,date_in,date_up,user_in,user_up,is_deleted
354,60104629,"
University Muhammadiyah Aceh
",40,40,33,Aceh,Aceh,1,4/9/2023 11:44,4/9/2023 11:56,root,root,0
176,60107282,"
Universitas Teuku Umar
",210,210,187,Meulaboh,Aceh,1,4/9/2023 11:43,4/9/2023 11:51,root,root,0
70,60106585,"
Universitas Malikussaleh
",724,724,455,Aceh Utara,Aceh,1,4/9/2023 11:43,4/9/2023 11:48,root,root,0
14,60069406,"
Universitas Syiah Kuala
",6200,5961,4014,Banda Aceh,Aceh,1,4/9/2023 11:43,4/9/2023 11:47,root,root,0
124,60107288,"
Universitas Islam Negeri Ar-Raniry
",365,365,293,Banda Aceh,Aceh,1,4/9/2023 11:43,4/9/2023 11:50,root,root,0
335,60105308,"
Universitas Ubudiyah Indonesia
",49,49,24,Banda Aceh,Aceh,1,4/9/2023 11:44,4/9/2023 11:55,root,root,0
143,60109761,"
Politeknik Negeri Lhokseumawe
",295,295,238,Lhokseumawe,Aceh,1,4/9/2023 11:43,4/9/2023 11:50,root,root,0
20,60069391,"
Universitas Udayana
",3884,3884,2897,Bali,Bali,1,4/9/2023 11:43,4/9/2023 11:47,root,root,0
69,60105231,"
Universitas Pendidikan Ganesha
",743,743,525,Bali,Bali,1,4/9/2023 11:43,4/9/2023 11:48,root,root,0
444,60070700,"
Gondol Research Station for Coastal Fisheries, Bali
",11,11,4,Bali,Bali,1,4/9/2023 11:44,4/9/2023 11:58,root,root,0
126,60121476,"
Universitas Warmadewa
",350,350,270,Denpasar,Bali,1,4/9/2023 11:43,4/9/2023 11:50,root,root,0
202,60107349,"
STIKOM Bali
",160,160,111,Denpasar,Bali,1,4/9/2023 11:43,4/9/2023 11:52,root,root,0
217,60109937,"
Universitas Mahasaraswati Denpasar
",141,141,126,Denpasar,Bali,1,4/9/2023 11:43,4/9/2023 11:52,root,root,0
298,60241999,"
Universitas Pendidikan Nasional
",71,71,66,Denpasar,Bali,1,4/9/2023 11:44,4/9/2023 11:54,root,root,0
304,60120853,"
People & Nature Consulting International
",65,65,2,Denpasar,Bali,1,4/9/2023 11:44,4/9/2023 11:54,root,root,0
320,60196814,"
Universitas Hindu Indonesia Denpasar
",55,55,42,Denpasar,Bali,1,4/9/2023 11:44,4/9/2023 11:55,root,root,0
433,60112791,"
Institut Keguruan Dan Ilmu Pendidikan PGRI Bali
",14,14,10,Denpasar,Bali,1,4/9/2023 11:44,4/9/2023 11:58,root,root,0
479,60077698,"
Yayasan Bumi Sehat
",4,4,5,Ubud,Bali,1,4/9/2023 11:44,4/9/2023 11:59,root,root,0
123,60112586,"
Universitas Bangka Belitung
",367,367,294,Kabupaten Bangka,Bangka-Belitung,1,4/9/2023 11:43,4/9/2023 11:50,root,root,0
368,60110158,"
ISB Atma Luhur
",36,36,43,Pangkal Pinang,Bangka-Belitung,1,4/9/2023 11:44,4/9/2023 11:56,root,root,0
376,60110254,"
Politeknik Manufaktur Negeri Bangka Belitung
",33,33,26,Sungailiat,Bangka-Belitung,1,4/9/2023 11:44,4/9/2023 11:56,root,root,0
50,60109646,"
Universitas Sultan Ageng Tirtayasa
",1151,1151,851,Serang,Banten,1,4/9/2023 11:43,4/9/2023 11:48,root,root,0
203,60077696,"
Institut Teknologi Indonesia
",159,159,89,Serpong Tanggerang,Banten,1,4/9/2023 11:43,4/9/2023 11:52,root,root,0
214,60109308,"
Universitas Pembangunan Jaya
",143,143,71,South Tangerang,Banten,1,4/9/2023 11:43,4/9/2023 11:52,root,root,0
49,60070441,"
Universitas Pelita Harapan
",1198,1186,825,Tangerang,Banten,1,4/9/2023 11:43,4/9/2023 11:48,root,root,0
120,60106644,"
Universitas Multimedia Nusantara
",375,375,271,Tangerang,Banten,1,4/9/2023 11:43,4/9/2023 11:50,root,root,0
197,60111719,"
Universitas Raharja
",171,171,149,Tangerang,Banten,1,4/9/2023 11:43,4/9/2023 11:52,root,root,0
418,60122044,"
Universitas Buddhi Dharma
",19,19,16,Tangerang,Banten,1,4/9/2023 11:44,4/9/2023 11:57,root,root,0
486,60170253,"
STMIK Muhammadiyah Banten
",4,4,4,Tangerang,Banten,1,4/9/2023 11:44,4/9/2023 11:59,root,root,0
269,60114639,"
Universitas Islam Negeri UIN Fatmawati Sukarno
",86,86,58,Bengkulu,Bengkulu,1,4/9/2023 11:43,4/9/2023 11:53,root,root,0
331,60273166,"
Universitas Dehasen Bengkulu
",50,50,39,Bengkulu,Bengkulu,1,4/9/2023 11:44,4/9/2023 11:55,root,root,0
407,60110722,"
Universitas Prof. Dr. Hazairin SH. Bengkulu
",24,24,10,Bengkulu,Bengkulu,1,4/9/2023 11:44,4/9/2023 11:57,root,root,0
51,60069410,"
Bengkulu University
",1147,1147,879,Bengkulu City,Bengkulu,1,4/9/2023 11:43,4/9/2023 11:48,root,root,0
85,60105011,"
State University of Gorontalo
",585,585,474,Gorontalo,Gorontalo,1,4/9/2023 11:43,4/9/2023 11:49,root,root,0
326,60117283,"
Universitas Muhammadiyah Gorontalo
",52,52,37,Gorontalo,Gorontalo,1,4/9/2023 11:44,4/9/2023 11:55,root,root,0
8,60069394,"
Lembaga Ilmu Pengetahuan Indonesia
",9757,9757,1852,Central Jakarta,Jakarta Raya,1,4/9/2023 11:43,4/9/2023 11:47,root,root,0
19,60069378,"
Universitas Indonesia, RSUPN Dr. Cipto Mangunkusumo
",3899,3899,2265,Central Jakarta,Jakarta Raya,1,4/9/2023 11:43,4/9/2023 11:47,root,root,0
22,60273350,"
Badan Riset dan Inovasi Nasional
",18034,3576,3723,Central Jakarta,Jakarta Raya,1,4/9/2023 11:43,4/9/2023 11:47,root,root,0
32,60089122,"
Badan Tenaga Nuklir Nasional Indonesia
",2227,2227,1051,Central Jakarta,Jakarta Raya,1,4/9/2023 11:43,4/9/2023 11:47,root,root,0
39,60069407,"
Badan Pengkajian dan Penerapan Teknologi
",1735,1735,738,Central Jakarta,Jakarta Raya,1,4/9/2023 11:43,4/9/2023 11:48,root,root,0
57,60273477,"
Lembaga Penerbangan dan Antariksa Nasional
",1050,1050,371,Central Jakarta,Jakarta Raya,1,4/9/2023 11:43,4/9/2023 11:48,root,root,0
152,60121697,"
YARSI University
",284,277,177,Central Jakarta,Jakarta Raya,1,4/9/2023 11:43,4/9/2023 11:50,root,root,0
239,60108386,"
Universitas Persada Indonesia YAI Jakarta, Indonesia
",111,111,66,Central Jakarta,Jakarta Raya,1,4/9/2023 11:43,4/9/2023 11:53,root,root,0
260,60273365,"
Organisasi Riset Ilmu Pengetahuan Hayati
",94,94,83,Central Jakarta,Jakarta Raya,1,4/9/2023 11:43,4/9/2023 11:53,root,root,0
266,60121698,"
Faculty of Medicine, YARSI University
",86,86,23,Central Jakarta,Jakarta Raya,1,4/9/2023 11:43,4/9/2023 11:53,root,root,0
328,60273362,"
Organisasi Riset Tenaga Nuklir
",2278,52,68,Central Jakarta,Jakarta Raya,1,4/9/2023 11:44,4/9/2023 11:55,root,root,0
351,60273354,"
Organisasi Riset Penerbangan dan Antariksa
",1090,42,37,Central Jakarta,Jakarta Raya,1,4/9/2023 11:44,4/9/2023 11:56,root,root,0
420,60273386,"
Organisasi Riset Ilmu Pengetahuan Kebumian
",19,19,11,Central Jakarta,Jakarta Raya,1,4/9/2023 11:44,4/9/2023 11:57,root,root,0
474,60273412,"
Organisasi Riset Pengkajian dan Penerapan Teknologi
",1740,5,12,Central Jakarta,Jakarta Raya,1,4/9/2023 11:44,4/9/2023 11:59,root,root,0
498,60273411,"
Organisasi Riset Ilmu Pengetahuan Sosial dan Humaniora
",2,2,1,Central Jakarta,Jakarta Raya,1,4/9/2023 11:44,4/9/2023 11:59,root,root,0
167,60196806,"
RSUP Persahabatan
",233,233,72,East Jakarta,Jakarta Raya,1,4/9/2023 11:43,4/9/2023 11:51,root,root,0
213,60275757,"
Darma Persada University
",143,143,83,East Jakarta,Jakarta Raya,1,4/9/2023 11:43,4/9/2023 11:52,root,root,0
362,60109469,"
Universitas Borobudur
",37,37,18,East Jakarta,Jakarta Raya,1,4/9/2023 11:44,4/9/2023 11:56,root,root,0
13,60103610,"
Bina Nusantara University
",8232,8232,6694,Jakarta,Jakarta Raya,1,4/9/2023 11:43,4/9/2023 11:47,root,root,0
40,60069400,"
Universitas Trisakti
",1498,1498,1122,Jakarta,Jakarta Raya,1,4/9/2023 11:43,4/9/2023 11:48,root,root,0
43,60106037,"
Universitas Islam Negeri Syarif Hidayatullah Jakarta
",1442,1442,1116,Jakarta,Jakarta Raya,1,4/9/2023 11:43,4/9/2023 11:48,root,root,0
53,60108869,"
Universitas Mercu Buana
",1140,1140,733,Jakarta,Jakarta Raya,1,4/9/2023 11:43,4/9/2023 11:48,root,root,0
55,60069414,"
Universitas Katolik Indonesia Atma Jaya
",1123,1123,639,Jakarta,Jakarta Raya,1,4/9/2023 11:43,4/9/2023 11:48,root,root,0
56,60069386,"
Ministry of Health, Republic of Indonesia
",1683,1121,577,Jakarta,Jakarta Raya,1,4/9/2023 11:43,4/9/2023 11:48,root,root,0
72,60069415,"
Tarumanagara University
",684,684,547,Jakarta,Jakarta Raya,1,4/9/2023 11:43,4/9/2023 11:48,root,root,0
73,60070443,"
Pertamina, Jakarta
",663,663,426,Jakarta,Jakarta Raya,1,4/9/2023 11:43,4/9/2023 11:49,root,root,0
77,60069387,"
Badan Penelitian Dan Pengembangan Kesehatan, Kementerian Kesehatan Republik Indonesia
",651,651,351,Jakarta,Jakarta Raya,1,4/9/2023 11:43,4/9/2023 11:49,root,root,0
80,60069395,"
Eijkman Institute for Molecular Biology
",637,637,115,Jakarta,Jakarta Raya,1,4/9/2023 11:43,4/9/2023 11:49,root,root,0
82,60087553,"
Indonesian Agency for Agricultural Research and Development
",910,623,213,Jakarta,Jakarta Raya,1,4/9/2023 11:43,4/9/2023 11:49,root,root,0
90,60069402,"
U.S. Naval Medical Research Unit No. 2, Jakarta
",529,529,257,Jakarta,Jakarta Raya,1,4/9/2023 11:43,4/9/2023 11:49,root,root,0
93,60069436,"
Ministry of Agriculture, Indonesia
",508,508,297,Jakarta,Jakarta Raya,1,4/9/2023 11:43,4/9/2023 11:49,root,root,0
95,60110657,"
PT Perusahaan Listrik Negara Persero
",492,492,387,Jakarta,Jakarta Raya,1,4/9/2023 11:43,4/9/2023 11:49,root,root,0
103,60089137,"
Universitas Terbuka
",428,428,275,Jakarta,Jakarta Raya,1,4/9/2023 11:43,4/9/2023 11:49,root,root,0
107,60103824,"
Universitas Kristen Indonesia
",416,416,273,Jakarta,Jakarta Raya,1,4/9/2023 11:43,4/9/2023 11:49,root,root,0
113,60104064,"
Universitas Nasional
",393,393,200,Jakarta,Jakarta Raya,1,4/9/2023 11:43,4/9/2023 11:50,root,root,0
119,60109118,"
Universitas Budi Luhur
",377,377,243,Jakarta,Jakarta Raya,1,4/9/2023 11:43,4/9/2023 11:50,root,root,0
121,60087598,"
Universitas Pancasila
",374,374,254,Jakarta,Jakarta Raya,1,4/9/2023 11:43,4/9/2023 11:50,root,root,0
134,60105182,"
Politeknik Negeri Jakarta
",314,314,263,Jakarta,Jakarta Raya,1,4/9/2023 11:43,4/9/2023 11:50,root,root,0
137,60275158,"
Universitas Esa Unggul
",308,308,226,Jakarta,Jakarta Raya,1,4/9/2023 11:43,4/9/2023 11:50,root,root,0
142,60109077,"
Universitas Pembangunan Nasional Veteran Jakarta
",296,296,289,Jakarta,Jakarta Raya,1,4/9/2023 11:43,4/9/2023 11:50,root,root,0
157,60111797,"
Universitas Al Azhar Indonesia
",265,265,219,Jakarta,Jakarta Raya,1,4/9/2023 11:43,4/9/2023 11:51,root,root,0
158,60104399,"
Universitas Bakrie
",265,265,111,Jakarta,Jakarta Raya,1,4/9/2023 11:43,4/9/2023 11:51,root,root,0
184,60070436,"
Ministry of Public Works, Jakarta
",193,193,110,Jakarta,Jakarta Raya,1,4/9/2023 11:43,4/9/2023 11:51,root,root,0
191,60087549,"
Bank Indonesia
",179,179,112,Jakarta,Jakarta Raya,1,4/9/2023 11:43,4/9/2023 11:51,root,root,0
196,60108124,"
Universitas Indraprasta PGRI
",172,172,187,Jakarta,Jakarta Raya,1,4/9/2023 11:43,4/9/2023 11:52,root,root,0
216,60110542,"
Sekolah Tinggi Ilmu Statistik
",143,143,77,Jakarta,Jakarta Raya,1,4/9/2023 11:43,4/9/2023 11:52,root,root,0
232,60070435,"
The World Bank, Indonesia
",119,119,54,Jakarta,Jakarta Raya,1,4/9/2023 11:43,4/9/2023 11:53,root,root,0
237,60087600,"
WWF-Indonesia
",114,114,102,Jakarta,Jakarta Raya,1,4/9/2023 11:43,4/9/2023 11:53,root,root,0
240,60087593,"
PT Freeport Indonesia
",111,111,82,Jakarta,Jakarta Raya,1,4/9/2023 11:43,4/9/2023 11:53,root,root,0
286,60069426,"
SMERU Research Institute
",77,77,33,Jakarta,Jakarta Raya,1,4/9/2023 11:44,4/9/2023 11:54,root,root,0
305,60117181,"
Sekolah Tinggi Teknik - PLN
",65,65,42,Jakarta,Jakarta Raya,1,4/9/2023 11:44,4/9/2023 11:54,root,root,0
309,60069428,"
Caltex Pacific Indonesia
",62,62,67,Jakarta,Jakarta Raya,1,4/9/2023 11:44,4/9/2023 11:54,root,root,0
316,60069440,"
World Health Organization, Indonesia
",59,59,31,Jakarta,Jakarta Raya,1,4/9/2023 11:44,4/9/2023 11:55,root,root,0
332,60110786,"
Kementerian Riset Teknologi Dan Pendidikan Tinggi Republik Indonesia
",50,50,10,Jakarta,Jakarta Raya,1,4/9/2023 11:44,4/9/2023 11:55,root,root,0
342,60110770,"
Universitas Prof. Dr. Moestopo, Beragama
",46,46,29,Jakarta,Jakarta Raya,1,4/9/2023 11:44,4/9/2023 11:55,root,root,0
344,60108702,"
Institut Sains dan Teknologi Nasional
",45,45,17,Jakarta,Jakarta Raya,1,4/9/2023 11:44,4/9/2023 11:55,root,root,0
345,60087585,"
Badan Meteorologi dan Geofisika
",45,45,30,Jakarta,Jakarta Raya,1,4/9/2023 11:44,4/9/2023 11:55,root,root,0
349,60070693,"
USAID, Indonesia
",43,43,28,Jakarta,Jakarta Raya,1,4/9/2023 11:44,4/9/2023 11:56,root,root,0
355,60087573,"
Food and Agriculture Organization of the United Nations, Indonesia
",39,39,25,Jakarta,Jakarta Raya,1,4/9/2023 11:44,4/9/2023 11:56,root,root,0
356,60070442,"
National Development Planning Agency, Jakarta
",39,39,26,Jakarta,Jakarta Raya,1,4/9/2023 11:44,4/9/2023 11:56,root,root,0
360,60070437,"
IRD ex ORSTOM, Jakarta
",38,38,6,Jakarta,Jakarta Raya,1,4/9/2023 11:44,4/9/2023 11:56,root,root,0
370,60113152,"
Polytechnic STMI Jakarta
",35,35,40,Jakarta,Jakarta Raya,1,4/9/2023 11:44,4/9/2023 11:56,root,root,0
396,60087592,"
PT Badak NGL
",27,27,24,Jakarta,Jakarta Raya,1,4/9/2023 11:44,4/9/2023 11:57,root,root,0
397,60112424,"
PT Kalbe Farma Tbk.
",107,27,22,Jakarta,Jakarta Raya,1,4/9/2023 11:44,4/9/2023 11:57,root,root,0
402,60087590,"
Laboratorium Klinik Prodia, Jakarta
",25,25,12,Jakarta,Jakarta Raya,1,4/9/2023 11:44,4/9/2023 11:57,root,root,0
414,60070440,"
Atlantic Richfield Indonesia Inc
",20,20,27,Jakarta,Jakarta Raya,1,4/9/2023 11:44,4/9/2023 11:57,root,root,0
421,60109279,"
STIE Muhammadiyah Jakarta
",19,19,9,Jakarta,Jakarta Raya,1,4/9/2023 11:44,4/9/2023 11:57,root,root,0
424,60087589,"
Rumah Sakit Pantai Indah Kapuk
",18,18,4,Jakarta,Jakarta Raya,1,4/9/2023 11:44,4/9/2023 11:57,root,root,0
426,60087570,"
ENI Indonesia Ltd
",16,16,26,Jakarta,Jakarta Raya,1,4/9/2023 11:44,4/9/2023 11:57,root,root,0
427,60109429,"
Poltekkes Kemenkes Jakarta II
",16,16,15,Jakarta,Jakarta Raya,1,4/9/2023 11:44,4/9/2023 11:57,root,root,0
432,60087587,"
Badan Pengawas Obat dan Makanan
",15,15,9,Jakarta,Jakarta Raya,1,4/9/2023 11:44,4/9/2023 11:58,root,root,0
436,60109076,"
STMIK JAKARTA STI & K
",14,14,5,Jakarta,Jakarta Raya,1,4/9/2023 11:44,4/9/2023 11:58,root,root,0
445,60105183,"
Universitas Islam Jakarta
",11,11,10,Jakarta,Jakarta Raya,1,4/9/2023 11:44,4/9/2023 11:58,root,root,0
446,60087583,"
Japan International Cooperation Agency, Indonesia
",11,11,7,Jakarta,Jakarta Raya,1,4/9/2023 11:44,4/9/2023 11:58,root,root,0
459,60087547,"
Departemen Kehutanan Republik Indonesia
",114,8,0,Jakarta,Jakarta Raya,1,4/9/2023 11:44,4/9/2023 11:58,root,root,0
462,60087571,"
Fish Health Research Laboratory, Jakarta
",7,7,1,Jakarta,Jakarta Raya,1,4/9/2023 11:44,4/9/2023 11:58,root,root,0
469,60089135,"
Regional Science Bureau for Asia and the Pacific, Indonesia
",6,6,0,Jakarta,Jakarta Raya,1,4/9/2023 11:44,4/9/2023 11:58,root,root,0
473,60111293,"
Repsol, Indonesia
",5,5,6,Jakarta,Jakarta Raya,1,4/9/2023 11:44,4/9/2023 11:59,root,root,0
478,60105962,"
Ciputra Group
",178,4,1,Jakarta,Jakarta Raya,1,4/9/2023 11:44,4/9/2023 11:59,root,root,0
481,60070710,"
LASMO Runtu Ltd.
",4,4,0,Jakarta,Jakarta Raya,1,4/9/2023 11:44,4/9/2023 11:59,root,root,0
482,60087581,"
PPM Institute of Management
",4,4,1,Jakarta,Jakarta Raya,1,4/9/2023 11:44,4/9/2023 11:59,root,root,0
484,60109711,"
Sekolah Tinggi Ilmu Ekonomi Ahmad Dahlan Jakarta
",4,4,2,Jakarta,Jakarta Raya,1,4/9/2023 11:44,4/9/2023 11:59,root,root,0
488,60070702,"
Budhi Asih General Hospital
",3,3,3,Jakarta,Jakarta Raya,1,4/9/2023 11:44,4/9/2023 11:59,root,root,0
489,60087577,"
Himpunan Masyarakat Nuklir Indonesia
",3,3,0,Jakarta,Jakarta Raya,1,4/9/2023 11:44,4/9/2023 11:59,root,root,0
493,60077709,"
World Food Program, Indonesia
",3,3,2,Jakarta,Jakarta Raya,1,4/9/2023 11:44,4/9/2023 11:59,root,root,0
495,60087550,"
BHP Billiton Limited, Indonesia
",2,2,1,Jakarta,Jakarta Raya,1,4/9/2023 11:44,4/9/2023 11:59,root,root,0
496,60087586,"
Kementerian Negara Lingkungan Hidup, Republik Indonesia
",107,2,1,Jakarta,Jakarta Raya,1,4/9/2023 11:44,4/9/2023 11:59,root,root,0
497,60077701,"
PT Japfa Comfeed Indonesia Tbk, Jakarta
",2,2,1,Jakarta,Jakarta Raya,1,4/9/2023 11:44,4/9/2023 11:59,root,root,0
279,60112423,"
Kalbis Institute
",80,80,36,Jakarta Timur,Jakarta Raya,1,4/9/2023 11:43,4/9/2023 11:54,root,root,0
273,60069409,"
Research Center of Maju Makmur Mandiri Foundation
",82,82,8,Kembangan,Jakarta Raya,1,4/9/2023 11:43,4/9/2023 11:54,root,root,0
262,60111309,"
Universitas Paramadina
",88,88,49,Mampang,Jakarta Raya,1,4/9/2023 11:43,4/9/2023 11:53,root,root,0
27,60105171,"
Universitas Negeri Jakarta
",2713,2713,1964,Jakarta,Jakarta Raya,1,4/9/2023 11:43,4/9/2023 11:47,root,root,0
347,60196807,"
RSPI Prof. Dr. Sulianti Saroso
",44,44,42,North Jakarta,Jakarta Raya,1,4/9/2023 11:44,4/9/2023 11:55,root,root,0
413,60122050,"
Sekolah Tinggi Ilmu Ekonomi Indonesia
",21,21,5,Rawamangun,Jakarta Raya,1,4/9/2023 11:44,4/9/2023 11:57,root,root,0
116,60259124,"
Sampoerna University
",382,382,160,South Jakarta,Jakarta Raya,1,4/9/2023 11:43,4/9/2023 11:50,root,root,0
130,60108072,"
University of Muhammadiyah Jakarta
",325,325,263,South Jakarta,Jakarta Raya,1,4/9/2023 11:43,4/9/2023 11:50,root,root,0
139,60108627,"
Universitas Muhammadiyah Prof. Dr. HAMKA
",303,303,262,South Jakarta,Jakarta Raya,1,4/9/2023 11:43,4/9/2023 11:50,root,root,0
182,60109510,"
Universitas Prasetiya Mulya
",224,195,102,South Jakarta,Jakarta Raya,1,4/9/2023 11:43,4/9/2023 11:51,root,root,0
210,60107865,"
STMIK Nusamandiri
",154,154,242,South Jakarta,Jakarta Raya,1,4/9/2023 11:43,4/9/2023 11:52,root,root,0
224,60113151,"
Kementerian Perindustrian, Indonesia
",161,131,84,South Jakarta,Jakarta Raya,1,4/9/2023 11:43,4/9/2023 11:52,root,root,0
284,60121315,"
SKK Migas
",79,79,105,South Jakarta,Jakarta Raya,1,4/9/2023 11:44,4/9/2023 11:54,root,root,0
384,60112460,"
Sekolah Tinggi Manajemen Ipmi
",31,31,20,South Jakarta,Jakarta Raya,1,4/9/2023 11:44,4/9/2023 11:56,root,root,0
387,60109526,"
Prasetiya Mulya Business School
",31,31,8,South Jakarta,Jakarta Raya,1,4/9/2023 11:44,4/9/2023 11:56,root,root,0
443,60272369,"
PT Usaha Mulia Digital Indonesia
",12,12,3,South Jakarta,Jakarta Raya,1,4/9/2023 11:44,4/9/2023 11:58,root,root,0
455,60111028,"
Politeknik APP Jakarta
",8,8,8,South Jakarta,Jakarta Raya,1,4/9/2023 11:44,4/9/2023 11:58,root,root,0
475,60259137,"
Sampoerna Academy
",5,5,0,South Jakarta,Jakarta Raya,1,4/9/2023 11:44,4/9/2023 11:59,root,root,0
491,60111117,"
PT Haskoning Indonesia
",3,3,4,South Jakarta,Jakarta Raya,1,4/9/2023 11:44,4/9/2023 11:59,root,root,0
115,60070444,"
Pusat Jantung Nasional Harapan Kita
",391,391,183,West Jakarta,Jakarta Raya,1,4/9/2023 11:43,4/9/2023 11:50,root,root,0
145,60106559,"
Universitas Kristen Krida Wacana - UKRIDA
",292,292,132,West Jakarta,Jakarta Raya,1,4/9/2023 11:43,4/9/2023 11:50,root,root,0
180,60196808,"
Rumah Sakit Kanker Dharmais
",200,200,116,West Jakarta,Jakarta Raya,1,4/9/2023 11:43,4/9/2023 11:51,root,root,0
234,60122670,"
Universitas Agung Podomoro
",116,116,42,West Jakarta,Jakarta Raya,1,4/9/2023 11:43,4/9/2023 11:53,root,root,0
278,60194942,"
Institut Teknologi - PLN Jakarta
",80,80,102,West Jakarta,Jakarta Raya,1,4/9/2023 11:43,4/9/2023 11:54,root,root,0
96,60108353,"
Universitas Jambi
",481,481,498,Jambi,Jambi,1,4/9/2023 11:43,4/9/2023 11:49,root,root,0
241,60268217,"
UIN Sulthan Thaha Saifuddin Jambi
",111,111,108,Jambi,Jambi,1,4/9/2023 11:43,4/9/2023 11:53,root,root,0
375,60110895,"
STIKOM Dinamika Bangsa
",34,34,14,Jambi,Jambi,1,4/9/2023 11:44,4/9/2023 11:56,root,root,0
389,60120837,"
Universitas Batanghari
",29,29,36,Jambi,Jambi,1,4/9/2023 11:44,4/9/2023 11:56,root,root,0
431,60123694,"
Universitas Muara Bungo
",15,15,9,Jambi,Jambi,1,4/9/2023 11:44,4/9/2023 11:58,root,root,0
452,60170236,"
STAI Ahsanta Jambi
",9,9,5,Jambi,Jambi,1,4/9/2023 11:44,4/9/2023 11:58,root,root,0
1,60069382,"
Institut Teknologi Bandung
",21351,21350,10149,Bandung,Jawa Barat,1,4/9/2023 11:43,4/9/2023 11:47,root,root,0
9,60069388,"
Universitas Padjadjaran
",9695,9695,6471,Bandung,Jawa Barat,1,4/9/2023 11:43,4/9/2023 11:47,root,root,0
15,60103797,"
Universitas Pendidikan Indonesia
",5765,5765,3548,Bandung,Jawa Barat,1,4/9/2023 11:43,4/9/2023 11:47,root,root,0
61,60109021,"
Universitas Katolik Parahyangan
",913,913,531,Bandung,Jawa Barat,1,4/9/2023 11:43,4/9/2023 11:48,root,root,0
63,60109372,"
Universitas Komputer Indonesia
",870,870,719,Bandung,Jawa Barat,1,4/9/2023 11:43,4/9/2023 11:48,root,root,0
66,60106643,"
Universitas Widyatama
",818,818,707,Bandung,Jawa Barat,1,4/9/2023 11:43,4/9/2023 11:48,root,root,0
74,60069422,"
Hasan Sadikin Hospital
",662,662,193,Bandung,Jawa Barat,1,4/9/2023 11:43,4/9/2023 11:49,root,root,0
76,60087584,"
Universitas Kristen Maranatha
",655,655,397,Bandung,Jawa Barat,1,4/9/2023 11:43,4/9/2023 11:49,root,root,0
84,60107659,"
Politeknik Negeri Bandung
",592,592,495,Bandung,Jawa Barat,1,4/9/2023 11:43,4/9/2023 11:49,root,root,0
99,60109714,"
Universitas Islam Bandung
",458,458,394,Bandung,Jawa Barat,1,4/9/2023 11:43,4/9/2023 11:49,root,root,0
138,60105174,"
Institut Teknologi Nasional Bandung
",305,305,257,Bandung,Jawa Barat,1,4/9/2023 11:43,4/9/2023 11:50,root,root,0
170,60089127,"
Departemen Energi dan Sumber Daya Mineral Republic of Indonesia
",227,227,128,Bandung,Jawa Barat,1,4/9/2023 11:43,4/9/2023 11:51,root,root,0
179,60087599,"
Universitas Pasundan
",204,204,167,Bandung,Jawa Barat,1,4/9/2023 11:43,4/9/2023 11:51,root,root,0
208,60105015,"
Universitas Langlangbuana
",154,154,80,Bandung,Jawa Barat,1,4/9/2023 11:43,4/9/2023 11:52,root,root,0
222,60134868,"
Universitas Sangga Buana
",135,135,132,Bandung,Jawa Barat,1,4/9/2023 11:43,4/9/2023 11:52,root,root,0
244,60070438,"
Marine Geological Institute
",110,110,52,Bandung,Jawa Barat,1,4/9/2023 11:43,4/9/2023 11:53,root,root,0
275,60087551,"
PT. Bio Farma
",81,81,47,Bandung,Jawa Barat,1,4/9/2023 11:43,4/9/2023 11:54,root,root,0
294,60069425,"
Geological Research and Development Centre, Bandung
",73,73,33,Bandung,Jawa Barat,1,4/9/2023 11:44,4/9/2023 11:54,root,root,0
295,60272348,"
Politeknik Kesehatan Kemenkes Bandung
",73,73,93,Bandung,Jawa Barat,1,4/9/2023 11:44,4/9/2023 11:54,root,root,0
306,60069408,"
Pusat Vulkanologi dan Mitigasi Bencana Geologi
",65,65,34,Bandung,Jawa Barat,1,4/9/2023 11:44,4/9/2023 11:54,root,root,0
318,60112575,"
Universitas Islam Nusantara
",58,58,60,Bandung,Jawa Barat,1,4/9/2023 11:44,4/9/2023 11:55,root,root,0
319,60110261,"
Politeknik Manufaktur Negeri Bandung
",56,56,41,Bandung,Jawa Barat,1,4/9/2023 11:44,4/9/2023 11:55,root,root,0
325,60113186,"
Politeknik Pos Indonesia
",53,53,40,Bandung,Jawa Barat,1,4/9/2023 11:44,4/9/2023 11:55,root,root,0
399,60077706,"
PT Dirgantara Indonesia
",26,26,21,Bandung,Jawa Barat,1,4/9/2023 11:44,4/9/2023 11:57,root,root,0
403,60110626,"
Sekolah Tinggi Ilmu Ekonomi Ekuitas
",25,25,15,Bandung,Jawa Barat,1,4/9/2023 11:44,4/9/2023 11:57,root,root,0
415,60087558,"
Center for Pulp and Paper, Indonesia
",20,20,13,Bandung,Jawa Barat,1,4/9/2023 11:44,4/9/2023 11:57,root,root,0
435,60109353,"
STMIK AMIK Bandung
",14,14,2,Bandung,Jawa Barat,1,4/9/2023 11:44,4/9/2023 11:58,root,root,0
467,60077707,"
Institut Teknologi Bandung Sekolah Ilmu dan Teknologi Hayati
",6,6,3,Bandung,Jawa Barat,1,4/9/2023 11:44,4/9/2023 11:58,root,root,0
480,60070698,"
Indonesian Railway Company, Ltd.
",4,4,11,Bandung,Jawa Barat,1,4/9/2023 11:44,4/9/2023 11:59,root,root,0
499,60121605,"
Sekolah Tinggi Ilmu Kesehatan 'Aisyiyah Bandung
",2,2,1,Bandung,Jawa Barat,1,4/9/2023 11:44,4/9/2023 11:59,root,root,0
17,60103730,"
Telkom University
",5091,4898,3534,Bandung West Java,Jawa Barat,1,4/9/2023 11:43,4/9/2023 11:47,root,root,0
118,60120897,"
President University
",380,380,200,Bekasi,Jawa Barat,1,4/9/2023 11:43,4/9/2023 11:50,root,root,0
282,60108123,"
Universitas Islam 45
",79,79,56,Bekasi,Jawa Barat,1,4/9/2023 11:44,4/9/2023 11:54,root,root,0
383,60112420,"
Institut Teknologi dan Sains Bandung
",31,31,11,Bekasi,Jawa Barat,1,4/9/2023 11:44,4/9/2023 11:56,root,root,0
4,60069381,"
IPB University
",12683,12683,6892,Bogor,Jawa Barat,1,4/9/2023 11:43,4/9/2023 11:47,root,root,0
31,60069393,"
Center for International Forestry Research, West Java
",2427,2265,331,Bogor,Jawa Barat,1,4/9/2023 11:43,4/9/2023 11:47,root,root,0
108,60110394,"
Pakuan University
",413,413,324,Bogor,Jawa Barat,1,4/9/2023 11:43,4/9/2023 11:49,root,root,0
110,60069437,"
Museum Zoologicum Bogoriense
",404,404,56,Bogor,Jawa Barat,1,4/9/2023 11:43,4/9/2023 11:49,root,root,0
114,60113348,"
Indonesia Defense University
",391,391,347,Bogor,Jawa Barat,1,4/9/2023 11:43,4/9/2023 11:50,root,root,0
132,60113266,"
Indonesian Center for Agricultural Biotechnology and Genetic Resources Research and Development
",319,319,86,Bogor,Jawa Barat,1,4/9/2023 11:43,4/9/2023 11:50,root,root,0
156,60069389,"
Herbarium Bogoriense
",266,266,19,Bogor,Jawa Barat,1,4/9/2023 11:43,4/9/2023 11:51,root,root,0
168,60069413,"
ICRAF World Agroforestry Centre, Bogor
",229,229,53,Bogor,Jawa Barat,1,4/9/2023 11:43,4/9/2023 11:51,root,root,0
188,60069421,"
Wildlife Conservation Society, Bogor
",189,189,73,Bogor,Jawa Barat,1,4/9/2023 11:43,4/9/2023 11:51,root,root,0
201,60112899,"
Universitas Djuanda
",160,160,108,Bogor,Jawa Barat,1,4/9/2023 11:43,4/9/2023 11:52,root,root,0
212,60069427,"
BIOTROP
",148,148,49,Bogor,Jawa Barat,1,4/9/2023 11:43,4/9/2023 11:52,root,root,0
228,60109449,"
Universitas Ibn Khaldun Bogor
",124,124,107,Bogor,Jawa Barat,1,4/9/2023 11:43,4/9/2023 11:52,root,root,0
276,60069396,"
Research Institute for Veterinary Science, Bogor
",81,81,42,Bogor,Jawa Barat,1,4/9/2023 11:43,4/9/2023 11:54,root,root,0
289,60109758,"
Universitas Nusa Bangsa
",76,76,44,Bogor,Jawa Barat,1,4/9/2023 11:44,4/9/2023 11:54,root,root,0
303,60070699,"
Forest and Nature Conservation Research and Development Centre, Bogor
",67,67,43,Bogor,Jawa Barat,1,4/9/2023 11:44,4/9/2023 11:54,root,root,0
358,60070439,"
Central Research Institute for Food Crops, Bogor
",38,38,30,Bogor,Jawa Barat,1,4/9/2023 11:44,4/9/2023 11:56,root,root,0
398,60069432,"
Center for Soil and Agroclimate Research, Bogor
",26,26,9,Bogor,Jawa Barat,1,4/9/2023 11:44,4/9/2023 11:57,root,root,0
411,60069441,"
International Potato Center, Bogor
",22,22,7,Bogor,Jawa Barat,1,4/9/2023 11:44,4/9/2023 11:57,root,root,0
417,60111316,"
Wetlands International, Indonesia
",20,20,10,Bogor,Jawa Barat,1,4/9/2023 11:44,4/9/2023 11:57,root,root,0
429,60159898,"
Sekolah Tinggi Teknologi Muhammadiyah Cileungsi
",16,16,21,Bogor,Jawa Barat,1,4/9/2023 11:44,4/9/2023 11:57,root,root,0
439,60069438,"
Nutrition Research and Development Centre, Bogor
",13,13,3,Bogor,Jawa Barat,1,4/9/2023 11:44,4/9/2023 11:58,root,root,0
453,60087546,"
Balai Penjelidikan dan Pemakaian Karet, Bogor
",8,8,6,Bogor,Jawa Barat,1,4/9/2023 11:44,4/9/2023 11:58,root,root,0
464,60087594,"
Research Institute for Freshwater Fisheries, Bogor
",7,7,2,Bogor,Jawa Barat,1,4/9/2023 11:44,4/9/2023 11:58,root,root,0
465,60112953,"
Sekolah Tinggi Teknologi Industri dan Farmasi Bogor
",7,7,8,Bogor,Jawa Barat,1,4/9/2023 11:44,4/9/2023 11:58,root,root,0
477,60077705,"
Centre for Alleviation of Poverty Through Secondary Crops Development in Asia and the Pacific, Indonesia
",4,4,0,Bogor,Jawa Barat,1,4/9/2023 11:44,4/9/2023 11:59,root,root,0
490,60087543,"
National Veterinary Drug Assay Laboratory, Indonesia
",3,3,5,Bogor,Jawa Barat,1,4/9/2023 11:44,4/9/2023 11:59,root,root,0
400,60120817,"
STIKes Muhammadiyah Ciamis
",26,26,55,Ciamis,Jawa Barat,1,4/9/2023 11:44,4/9/2023 11:57,root,root,0
302,60117555,"
Universitas Suryakancana
",68,68,62,Cianjur,Jawa Barat,1,4/9/2023 11:44,4/9/2023 11:54,root,root,0
101,60108482,"
Universitas Jenderal Achmad Yani
",437,437,402,Cimahi,Jawa Barat,1,4/9/2023 11:43,4/9/2023 11:49,root,root,0
288,60110774,"
Institut Keguruan dan Ilmu Pendidikan Siliwangi
",76,76,72,Cimahi,Jawa Barat,1,4/9/2023 11:44,4/9/2023 11:54,root,root,0
406,60275595,"
Politeknik TEDC Bandung
",24,24,17,Cimahi,Jawa Barat,1,4/9/2023 11:44,4/9/2023 11:57,root,root,0
274,60106786,"
Institut Agama Islam Negeri Syekh Nurjati Cirebon
",81,81,63,Cirebon,Jawa Barat,1,4/9/2023 11:43,4/9/2023 11:54,root,root,0
0,60069377,"
Universitas Indonesia
",31030,30055,17957,Depok,Jawa Barat,1,4/9/2023 11:43,4/9/2023 11:47,root,root,0
87,60105733,"
Gunadarma University
",549,549,479,Depok,Jawa Barat,1,4/9/2023 11:43,4/9/2023 11:49,root,root,0
111,60196805,"
Fakultas Ekonomi dan Bisnis, Universitas Indonesia
",399,399,283,Depok,Jawa Barat,1,4/9/2023 11:43,4/9/2023 11:49,root,root,0
285,60196809,"
Rumah Sakit Universitas Indonesia
",77,77,39,Depok,Jawa Barat,1,4/9/2023 11:44,4/9/2023 11:54,root,root,0
419,60196810,"
Universitas Islam International Indonesia
",19,19,8,Depok,Jawa Barat,1,4/9/2023 11:44,4/9/2023 11:57,root,root,0
438,60189494,"
Politeknik Ilmu Pemasyarakatan
",13,13,5,Depok,Jawa Barat,1,4/9/2023 11:44,4/9/2023 11:58,root,root,0
483,60087561,"
Rumah Sakit Puri Cinere
",4,4,0,Depok,Jawa Barat,1,4/9/2023 11:44,4/9/2023 11:59,root,root,0
200,60111272,"
Universitas Garut
",161,161,127,Garut,Jawa Barat,1,4/9/2023 11:43,4/9/2023 11:52,root,root,0
227,60113347,"
Sekolah Tinggi Teknologi Garut
",125,125,62,Garut,Jawa Barat,1,4/9/2023 11:43,4/9/2023 11:52,root,root,0
268,60122612,"
Institut Pendidikan Indonesia
",86,86,89,Garut,Jawa Barat,1,4/9/2023 11:43,4/9/2023 11:53,root,root,0
321,60110253,"
Politeknik Negeri Indramayu
",55,55,40,Indramayu,Jawa Barat,1,4/9/2023 11:44,4/9/2023 11:55,root,root,0
340,60272481,"
Universitas Wiralodra
",47,47,27,Indramayu,Jawa Barat,1,4/9/2023 11:44,4/9/2023 11:55,root,root,0
162,60171684,"
Universitas Singaperbangsa Karawang
",254,254,223,Karawang,Jawa barat,1,4/9/2023 11:43,4/9/2023 11:51,root,root,0
272,60113340,"
Universitas Buana Perjuangan Karawang
",82,82,70,Karawang,Jawa Barat,1,4/9/2023 11:43,4/9/2023 11:54,root,root,0
249,60105864,"
Forestry Research and Development Agency
",105,105,34,Kota Bogor,Jawa Barat,1,4/9/2023 11:43,4/9/2023 11:53,root,root,0
314,60122449,"
Universitas Kuningan
",59,59,70,Kuningan,Jawa Barat,1,4/9/2023 11:44,4/9/2023 11:55,root,root,0
379,60121128,"
STKIP Muhammadiyah Kuningan
",32,32,20,Kuningan,Jawa Barat,1,4/9/2023 11:44,4/9/2023 11:56,root,root,0
225,60112653,"
Nusa Putra University
",130,130,267,Sukabumi,Jawa Barat,1,4/9/2023 11:43,4/9/2023 11:52,root,root,0
177,60106624,"
Universitas Muhammadiyah Tasikmalaya
",208,208,58,Tasikmalaya,Jawa barat,1,4/9/2023 11:43,4/9/2023 11:51,root,root,0
47,60108290,"
UIN Sunan Gunung Djati
",1282,1282,1070,"West Java,",Jawa Barat,1,4/9/2023 11:43,4/9/2023 11:48,root,root,0
437,60114096,"
Universitas Boyolali
",13,13,4,Boyolali,Jawa Tengah,1,4/9/2023 11:44,4/9/2023 11:58,root,root,0
386,60112472,"
UNISNU Jepara
",31,31,26,Jepara,Jawa Tengah,1,4/9/2023 11:44,4/9/2023 11:56,root,root,0
187,60109556,"
Universitas Muria Kudus
",192,192,141,Kudus,Jawa Tengah,1,4/9/2023 11:43,4/9/2023 11:51,root,root,0
300,60112620,"
State Islamic Institute IAIN Kudus
",69,69,58,Kudus,Jawa Tengah,1,4/9/2023 11:44,4/9/2023 11:54,root,root,0
186,60110633,"
Muhammadiyah University of Magelang
",192,192,125,Magelang,Jawa Tengah,1,4/9/2023 11:43,4/9/2023 11:51,root,root,0
412,60109173,"
Universitas Peradaban
",21,21,14,Paguyangan,Jawa Tengah,1,4/9/2023 11:44,4/9/2023 11:57,root,root,0
33,60069442,"
Universitas Jenderal Soedirman
",2152,2152,1532,Purwokerto,Jawa Tengah,1,4/9/2023 11:43,4/9/2023 11:47,root,root,0
104,60110912,"
Universitas Muhammadiyah Purwokerto
",425,425,335,Purwokerto,Jawa Tengah,1,4/9/2023 11:43,4/9/2023 11:49,root,root,0
175,60114126,"
Institut Teknologi Telkom Purwokerto
",210,210,177,Purwokerto,Jawa Tengah,1,4/9/2023 11:43,4/9/2023 11:51,root,root,0
221,60109777,"
Universitas AMIKOM Purwokerto
",135,135,111,Purwokerto,Jawa Tengah,1,4/9/2023 11:43,4/9/2023 11:52,root,root,0
408,60268832,"
Universitas Harapan Bangsa
",23,23,25,Purwokerto,Jawa Tengah,1,4/9/2023 11:44,4/9/2023 11:57,root,root,0
301,60272380,"
Universitas Muhammadiyah Purworejo
",68,68,47,Purworejo,Jawa Tengah,1,4/9/2023 11:44,4/9/2023 11:54,root,root,0
65,60069419,"
Satya Wacana Christian University
",828,828,454,Salatiga,Jawa Tengah,1,4/9/2023 11:43,4/9/2023 11:48,root,root,0
6,60069385,"
Universitas Diponegoro
",11421,11421,7755,Semarang,Jawa Tengah,1,4/9/2023 11:43,4/9/2023 11:47,root,root,0
25,60089125,"
Universitas Negeri Semarang
",2877,2877,2192,Semarang,Jawa Tengah,1,4/9/2023 11:43,4/9/2023 11:47,root,root,0
67,60108631,"
Universitas Dian Nuswantoro
",794,794,539,Semarang,Jawa Tengah,1,4/9/2023 11:43,4/9/2023 11:48,root,root,0
89,60104761,"
Universitas Islam Sultan Agung Semarang
",529,529,404,Semarang,Jawa Tengah,1,4/9/2023 11:43,4/9/2023 11:49,root,root,0
133,60113650,"
Soegijapranata Catholic University
",316,316,232,Semarang,Jawa Tengah,1,4/9/2023 11:43,4/9/2023 11:50,root,root,0
146,60108701,"
Universitas PGRI Semarang
",288,288,191,Semarang,Jawa Tengah,1,4/9/2023 11:43,4/9/2023 11:50,root,root,0
151,60105690,"
Universitas Muhammadiyah Semarang
",278,278,233,Semarang,Jawa Tengah,1,4/9/2023 11:43,4/9/2023 11:50,root,root,0
163,60109094,"
Universitas Islam Negeri Walisongo Semarang
",250,250,192,Semarang,Jawa Tengah,1,4/9/2023 11:43,4/9/2023 11:51,root,root,0
195,60114085,"
Universitas Semarang
",173,173,131,Semarang,Jawa Tengah,1,4/9/2023 11:43,4/9/2023 11:52,root,root,0
219,60113201,"
Poltekkes Kemenkes Semarang
",140,140,172,Semarang,Jawa Tengah,1,4/9/2023 11:43,4/9/2023 11:52,root,root,0
242,60111071,"
Universitas Wahid Hasyim
",111,111,65,Semarang,Jawa Tengah,1,4/9/2023 11:43,4/9/2023 11:53,root,root,0
264,60109709,"
UNTAG University
",88,88,37,Semarang,Jawa Tengah,1,4/9/2023 11:43,4/9/2023 11:53,root,root,0
308,60104568,"
Politeknik Negeri Semarang
",63,63,9,Semarang,Jawa Tengah,1,4/9/2023 11:44,4/9/2023 11:54,root,root,0
457,60069418,"
Seroja Rheumatic Center
",8,8,1,Semarang,Jawa Tengah,1,4/9/2023 11:44,4/9/2023 11:58,root,root,0
476,60111145,"
Sekolah Tinggi Maritim dan Transpor AMNI
",5,5,2,Semarang,Jawa Tengah,1,4/9/2023 11:44,4/9/2023 11:59,root,root,0
238,60112553,"
Institut Agama Islam Negeri, Surakarta
",112,112,60,Sukoharjo,Jawa Tengah,1,4/9/2023 11:43,4/9/2023 11:53,root,root,0
369,60107866,"
Universitas Veteran Bangun Nusantara Sukoharjo
",36,36,29,Sukoharjo,Jawa Tengah,1,4/9/2023 11:44,4/9/2023 11:56,root,root,0
11,60069439,"
Universitas Sebelas Maret
",9294,9294,6493,Surakarta,Jawa Tengah,1,4/9/2023 11:43,4/9/2023 11:47,root,root,0
41,60104396,"
Universitas Muhammadiyah Surakarta
",1459,1459,1124,Surakarta,Jawa Tengah,1,4/9/2023 11:43,4/9/2023 11:48,root,root,0
270,60117811,"
Setia Budi University
",84,84,55,Surakarta,Jawa Tengah,1,4/9/2023 11:43,4/9/2023 11:53,root,root,0
307,60273679,"
Universitas Slamet Riyadi
",64,64,42,Surakarta,Jawa Tengah,1,4/9/2023 11:44,4/9/2023 11:54,root,root,0
423,60112589,"
Universitas Islam Batik Surakarta
",18,18,16,Surakarta,Jawa Tengah,1,4/9/2023 11:44,4/9/2023 11:57,root,root,0
449,60111139,"
Sekolah Tinggi Ilmu Ekonomi Adi Unggul Bhirawa
",10,10,8,Surakarta,Jawa Tengah,1,4/9/2023 11:44,4/9/2023 11:58,root,root,0
454,60136194,"
Universitas Kristen Surakarta
",8,8,8,Surakarta,Jawa Tengah,1,4/9/2023 11:44,4/9/2023 11:58,root,root,0
236,60110565,"
Universitas Pancasakti Tegal
",114,114,82,Tegal,Jawa Tengah,1,4/9/2023 11:43,4/9/2023 11:53,root,root,0
297,60110256,"
Politeknik Negeri Banyuwangi
",73,73,70,Banyuwangi,Jawa Timur,1,4/9/2023 11:44,4/9/2023 11:54,root,root,0
401,60116564,"
Universitas 17 Agustus 1945 Banyuwangi
",25,25,16,Banyuwangi,Jawa Timur,1,4/9/2023 11:44,4/9/2023 11:57,root,root,0
466,60087548,"
Taman Nasional Baluran Republik Indonesia
",6,6,4,Banyuwangi,Jawa Timur,1,4/9/2023 11:44,4/9/2023 11:58,root,root,0
470,60117595,"
Sekolah Tinggi Ilmu Komputer PGRI Banyuwangi
",6,6,8,Banyuwangi,Jawa Timur,1,4/9/2023 11:44,4/9/2023 11:58,root,root,0
404,60112570,"
IKIP PGRI Bojonegoro
",24,24,13,Bojonegoro,Jawa Timur,1,4/9/2023 11:44,4/9/2023 11:57,root,root,0
24,60069412,"
Universitas Jember
",2902,2902,2281,Jember,Jawa Timur,1,4/9/2023 11:43,4/9/2023 11:47,root,root,0
105,60110255,"
Politeknik Negeri Jember
",419,419,343,Jember,Jawa Timur,1,4/9/2023 11:43,4/9/2023 11:49,root,root,0
271,60162057,"
State Islamic Institute of Jember
",84,84,54,Jember,Jawa Timur,1,4/9/2023 11:43,4/9/2023 11:53,root,root,0
283,60110501,"
Universitas Muhammadiyah Jember
",79,79,80,Jember Regency,Jawa Timur,1,4/9/2023 11:44,4/9/2023 11:54,root,root,0
357,60113911,"
Universitas Pesantren Tinggi Darul Ulum
",39,39,37,Jombang,Jawa Timur,1,4/9/2023 11:44,4/9/2023 11:56,root,root,0
253,60112412,"
Universitas Nusantara PGRI Kediri
",102,102,95,Kediri,Jawa Timur,1,4/9/2023 11:43,4/9/2023 11:53,root,root,0
366,60268852,"
Universitas Muhammadiyah Lamongan
",37,37,36,Lamongan,Jawa Timur,1,4/9/2023 11:44,4/9/2023 11:56,root,root,0
385,60108648,"
Universitas Islam Darul Ulum Lamongan
",31,31,13,"Lamongan, East Java",Jawa Timur,1,4/9/2023 11:44,4/9/2023 11:56,root,root,0
174,60117654,"
Universitas PGRI Madiun
",217,217,133,Madiun,Jawa Timur,1,4/9/2023 11:43,4/9/2023 11:51,root,root,0
83,60122051,"
Universitas Trunojoyo Madura
",622,622,430,Madura,Jawa TImur,1,4/9/2023 11:43,4/9/2023 11:49,root,root,0
7,60069392,"
Brawijaya University
",10367,10367,7139,Malang,Jawa Timur,1,4/9/2023 11:43,4/9/2023 11:47,root,root,0
16,60104775,"
Universitas Negeri Malang
",5150,5150,3602,Malang,Jawa Timur,1,4/9/2023 11:43,4/9/2023 11:47,root,root,0
54,60087597,"
Universitas Muhammadiyah Malang
",1138,1138,919,Malang,Jawa Timur,1,4/9/2023 11:43,4/9/2023 11:48,root,root,0
75,60104628,"
State Polytechnic of Malang
",656,656,540,Malang,Jawa Timur,1,4/9/2023 11:43,4/9/2023 11:49,root,root,0
78,60104919,"
State Islamic University of Malang
",648,648,497,Malang,Jawa Timur,1,4/9/2023 11:43,4/9/2023 11:49,root,root,0
136,60070691,"
National Institute of Technology ITN Malang
",310,310,183,Malang,Jawa Timur,1,4/9/2023 11:43,4/9/2023 11:50,root,root,0
159,60104921,"
Universitas Islam Malang
",263,263,159,Malang,Jawa Timur,1,4/9/2023 11:43,4/9/2023 11:51,root,root,0
190,60108267,"
University of Merdeka Malang
",180,180,126,Malang,Jawa Timur,1,4/9/2023 11:43,4/9/2023 11:51,root,root,0
192,60107583,"
Universitas Kanjuruhan Malang
",176,176,86,Malang,Jawa Timur,1,4/9/2023 11:43,4/9/2023 11:51,root,root,0
207,60107590,"
Universitas Ma Chung
",155,155,80,Malang,Jawa Timur,1,4/9/2023 11:43,4/9/2023 11:52,root,root,0
223,60108485,"
Universitas Widyagama Malang
",135,135,89,Malang,Jawa Timur,1,4/9/2023 11:43,4/9/2023 11:52,root,root,0
450,60123795,"
STMIK Asia Malang
",10,10,5,Malang,Jawa Timur,1,4/9/2023 11:44,4/9/2023 11:58,root,root,0
382,60087578,"
Pusat Penelitian Perkebunan Gula Indonesia
",31,31,23,Pasuruan,Jawa timur,1,4/9/2023 11:44,4/9/2023 11:56,root,root,0
199,60272378,"
Universitas Muhammadiyah Ponorogo
",162,162,102,Ponorogo,Jawa Timur,1,4/9/2023 11:43,4/9/2023 11:52,root,root,0
322,60113942,"
University of Darussalam Gontor
",54,54,53,Ponorogo,Jawa Timur,1,4/9/2023 11:44,4/9/2023 11:55,root,root,0
327,60203738,"
Institut Agama Islam Negeri Ponorogo
",52,52,42,Ponorogo,Jawa Timur,1,4/9/2023 11:44,4/9/2023 11:55,root,root,0
135,60107785,"
Universitas Muhammadiyah Sidoarjo
",313,313,271,Sidoarjo,Jawa Timur,1,4/9/2023 11:43,4/9/2023 11:50,root,root,0
364,60134865,"
Universitas Ibrahimy, Situbondo
",37,37,23,Situbondo Regency,Jawa TImur,1,4/9/2023 11:44,4/9/2023 11:56,root,root,0
3,60069383,"
Universitas Airlangga
",13655,13655,9561,Surabaya,Jawa Timur,1,4/9/2023 11:43,4/9/2023 11:47,root,root,0
5,60070707,"
Institut Teknologi Sepuluh Nopember
",11425,11425,6935,Surabaya,Jawa Timur,1,4/9/2023 11:43,4/9/2023 11:47,root,root,0
29,60105082,"
Universitas Negeri Surabaya
",2337,2337,1470,Surabaya,Jawa Timur,1,4/9/2023 11:43,4/9/2023 11:47,root,root,0
46,60104961,"
Politeknik Elektronika Negeri Surabaya
",1297,1297,1116,Surabaya,Jawa Timur,1,4/9/2023 11:43,4/9/2023 11:48,root,root,0
59,60104303,"
Universitas Surabaya
",1015,1015,661,Surabaya,Jawa Timur,1,4/9/2023 11:43,4/9/2023 11:48,root,root,0
81,60069423,"
Widya Mandala Surabaya Catholic University
",629,629,427,Surabaya,Jawa Timur,1,4/9/2023 11:43,4/9/2023 11:49,root,root,0
86,60105964,"
Universitas Pembangunan Nasional Veteran Jawa Timur
",556,556,473,Surabaya,Jawa Timur,1,4/9/2023 11:43,4/9/2023 11:49,root,root,0
109,60111825,"
Universitas Nahdlatul Ulama Surabaya
",407,407,261,Surabaya,Jawa Timur,1,4/9/2023 11:43,4/9/2023 11:49,root,root,0
117,60110822,"
UIN Sunan Ampel Surabaya
",380,380,270,Surabaya,Jawa Timur,1,4/9/2023 11:43,4/9/2023 11:50,root,root,0
141,60115318,"
Narotama University
",298,298,151,Surabaya,Jawa Timur,1,4/9/2023 11:43,4/9/2023 11:50,root,root,0
144,60112398,"
Universitas Wijaya Kusuma Surabaya
",294,294,198,Surabaya,Jawa Timur,1,4/9/2023 11:43,4/9/2023 11:50,root,root,0
148,60106855,"
Universitas Hang Tuah Surabaya
",282,282,249,Surabaya,Jawa Timur,1,4/9/2023 11:43,4/9/2023 11:50,root,root,0
154,60109851,"
Politeknik Perkapalan Negeri Surabaya
",274,274,209,Surabaya,Jawa Timur,1,4/9/2023 11:43,4/9/2023 11:51,root,root,0
155,60111800,"
Institut Teknologi Adhi Tama Surabaya
",267,267,217,Surabaya,Jawa Timur,1,4/9/2023 11:43,4/9/2023 11:51,root,root,0
160,60110997,"
Universitas Muhammadiyah Surabaya
",263,263,217,Surabaya,Jawa Timur,1,4/9/2023 11:43,4/9/2023 11:51,root,root,0
181,60110785,"
Health Polytechnic of the Health Ministry of Surabaya
",197,197,168,Surabaya,Jawa Timur,1,4/9/2023 11:43,4/9/2023 11:51,root,root,0
189,60165301,"
Universitas PGRI Adi Buana Surabaya
",188,188,100,Surabaya,Jawa Timur,1,4/9/2023 11:43,4/9/2023 11:51,root,root,0
193,60105952,"
Universitas Ciputra
",174,174,136,Surabaya,Jawa Timur,1,4/9/2023 11:43,4/9/2023 11:52,root,root,0
206,60109324,"
Universitas Dr. Soetomo
",155,155,75,Surabaya,Jawa Timur,1,4/9/2023 11:43,4/9/2023 11:52,root,root,0
255,60110838,"
Universitas Bhayangkara Surabaya
",97,97,52,Surabaya,Jawa Timur,1,4/9/2023 11:43,4/9/2023 11:53,root,root,0
261,60120631,"
Institut Teknologi Telkom Surabaya
",91,91,77,Surabaya,Jawa Timur,1,4/9/2023 11:43,4/9/2023 11:53,root,root,0
287,60267365,"
Universitas 45 Surabaya
",76,76,18,Surabaya,Jawa Timur,1,4/9/2023 11:44,4/9/2023 11:54,root,root,0
333,60111491,"
Sekolah Tinggi Teknik Surabaya
",50,50,25,Surabaya,Jawa Timur,1,4/9/2023 11:44,4/9/2023 11:55,root,root,0
337,60109301,"
STIE Perbanas Surabaya
",48,48,35,Surabaya,Jawa Timur,1,4/9/2023 11:44,4/9/2023 11:55,root,root,0
339,60190742,"
Universitas Dinamika
",47,47,37,Surabaya,Jawa Timur,1,4/9/2023 11:44,4/9/2023 11:55,root,root,0
353,60264402,"
Universitas Wijaya Putra
",42,42,53,Surabaya,Jawa Timur,1,4/9/2023 11:44,4/9/2023 11:56,root,root,0
381,60069431,"
Bernofarm Pharmaceutical Company
",31,31,28,Surabaya,Jawa Timur,1,4/9/2023 11:44,4/9/2023 11:56,root,root,0
441,60108564,"
Universitas Pelita Harapan Surabaya
",12,12,5,Surabaya,Jawa Timur,1,4/9/2023 11:44,4/9/2023 11:58,root,root,0
472,60069424,"
East Java Leprosy Control Project
",5,5,2,Surabaya,Jawa Timur,1,4/9/2023 11:44,4/9/2023 11:59,root,root,0
492,60267267,"
Universitas Teknologi Surabaya
",3,3,2,Surabaya,Jawa Timur,1,4/9/2023 11:44,4/9/2023 11:59,root,root,0
62,60069404,"
Universitas Kristen Petra
",878,878,573,"Surabaya, East Java",Jawa Timur,1,4/9/2023 11:43,4/9/2023 11:48,root,root,0
125,60111193,"
Politeknik Negeri Bali
",354,354,290,Tuban,Jawa Timur,1,4/9/2023 11:43,4/9/2023 11:50,root,root,0
330,60116783,"
Universitas PGRI Ronggolawe Tuban
",51,51,34,Tuban,Jawa Timur,1,4/9/2023 11:44,4/9/2023 11:55,root,root,0
346,60111002,"
Institut Agama Islam Negeri Tulungagung
",44,44,22,Tulungagung,Jawa Timur,1,4/9/2023 11:44,4/9/2023 11:55,root,root,0
60,60069429,"
Universitas Tanjungpura
",914,914,637,Pontianak,Kalimantan Barat,1,4/9/2023 11:43,4/9/2023 11:48,root,root,0
290,60110259,"
Politeknik Negeri Pontianak
",75,75,62,Pontianak,Kalimantan Barat,1,4/9/2023 11:44,4/9/2023 11:54,root,root,0
350,60183189,"
Universitas Muhammadiyah Pontianak
",42,42,45,Pontianak,Kalimantan Barat,1,4/9/2023 11:44,4/9/2023 11:56,root,root,0
371,60110632,"
STKIP Singkawang
",35,35,32,Singkawang Utara,Kalimantan Barat,1,4/9/2023 11:44,4/9/2023 11:56,root,root,0
456,60109133,"
Sekolah Tinggi Manajemen Informatika dan Komputer Banjarbaru
",8,8,3,Banjarbaru,Kalimantan Selatan,1,4/9/2023 11:44,4/9/2023 11:58,root,root,0
38,60069435,"
Universitas Lambung Mangkurat
",1783,1783,1486,Banjarmasin,Kalimantan Selatan,1,4/9/2023 11:43,4/9/2023 11:48,root,root,0
229,60108868,"
Islamic University of Kalimantan
",123,123,129,Banjarmasin,Kalimantan Selatan,1,4/9/2023 11:43,4/9/2023 11:52,root,root,0
265,60120839,"
Universitas Islam Negeri Antasari Banjarmasin
",87,87,63,Banjarmasin,Kalimantan Selatan,1,4/9/2023 11:43,4/9/2023 11:53,root,root,0
281,60114107,"
Muhammadiyah University of Palangkaraya
",80,80,64,Palangka Raya,Kalimantan Tengah,1,4/9/2023 11:44,4/9/2023 11:54,root,root,0
317,60119279,"
Borneo Nature Foundation
",58,58,39,Palangka Raya,Kalimantan Tengah,1,4/9/2023 11:44,4/9/2023 11:55,root,root,0
106,60087559,"
Universitas Palangka Raya
",418,418,293,Palangkaraya,Kalimantan Tengah,1,4/9/2023 11:43,4/9/2023 11:49,root,root,0
458,60162032,"
STKIP Muhammadiyah Sampit
",8,8,17,Sampit,Kalimantan Tengah,1,4/9/2023 11:44,4/9/2023 11:58,root,root,0
149,60110845,"
Institut Teknologi Kalimantan
",282,282,306,Balikpapan,Kalimantan Timur,1,4/9/2023 11:43,4/9/2023 11:50,root,root,0
448,60109688,"
Universitas Kutai Kartanegara
",10,10,10,Kutai Kartanegara,Kalimantan Timur,1,4/9/2023 11:44,4/9/2023 11:58,root,root,0
48,60069411,"
Universitas Mulawarman
",1277,1277,894,Samarinda,Kalimantan Timur,1,4/9/2023 11:43,4/9/2023 11:48,root,root,0
215,60110262,"
Politeknik Negeri Samarinda
",143,143,127,Samarinda,Kalimantan Timur,1,4/9/2023 11:43,4/9/2023 11:52,root,root,0
393,60109134,"
Institut Agama Islam Negeri Samarinda
",28,28,27,Samarinda,Kalimantan Timur,1,4/9/2023 11:44,4/9/2023 11:57,root,root,0
169,60111566,"
Universitas Borneo Tarakan
",227,227,229,Tarakan,Kalimantan Utara,1,4/9/2023 11:43,4/9/2023 11:51,root,root,0
487,60087591,"
Yayasan Pijar Cendikiawan
",4,4,2,Bandar,Lampung,1,4/9/2023 11:44,4/9/2023 11:59,root,root,0
28,60069401,"
Universitas Lampung
",2623,2623,1876,Bandar Lampung,Lampung,1,4/9/2023 11:43,4/9/2023 11:47,root,root,0
173,60105469,"
Universitas Islam Negeri Raden Intan Lampung
",220,220,231,Bandar Lampung,Lampung,1,4/9/2023 11:43,4/9/2023 11:51,root,root,0
218,60108586,"
Politeknik Negeri Lampung
",141,141,167,Bandar Lampung,Lampung,1,4/9/2023 11:43,4/9/2023 11:52,root,root,0
220,60270038,"
Universitas Teknokrat Indonesia
",137,137,108,Bandar Lampung,Lampung,1,4/9/2023 11:43,4/9/2023 11:52,root,root,0
251,60113872,"
Universitas Malahayati
",103,103,71,Bandar Lampung,Lampung,1,4/9/2023 11:43,4/9/2023 11:53,root,root,0
277,60270040,"
Universitas Bandar Lampung
",80,80,55,Bandar Lampung,Lampung,1,4/9/2023 11:43,4/9/2023 11:54,root,root,0
296,60270055,"
Institute of Informatics and Business IIB Darmajaya
",73,73,67,Bandar Lampung,Lampung,1,4/9/2023 11:44,4/9/2023 11:54,root,root,0
280,60109728,"
Universitas Muhammadiyah Metro
",80,80,62,Kota Metro,Lampung,1,4/9/2023 11:44,4/9/2023 11:54,root,root,0
79,60112449,"
Institut Teknologi Sumatera ITERA
",643,643,465,Lampung,Lampung,1,4/9/2023 11:43,4/9/2023 11:49,root,root,0
416,60111439,"
STMIK Dharma Wacana Metro
",20,20,3,Metro,Lampung,1,4/9/2023 11:44,4/9/2023 11:57,root,root,0
64,60069443,"
Universitas Pattimura
",863,863,689,Ambon,Maluku,1,4/9/2023 11:43,4/9/2023 11:48,root,root,0
348,60110260,"
Politeknik Negeri Ambon
",43,43,23,Ambon,Maluku,1,4/9/2023 11:44,4/9/2023 11:55,root,root,0
100,60106860,"
Universitas Khairun
",458,458,371,Ternate,Maluku Utara,1,4/9/2023 11:43,4/9/2023 11:49,root,root,0
367,60170232,"
STKIP Bima
",37,37,37,Bima,Nusa Tenggara Barat,1,4/9/2023 11:44,4/9/2023 11:56,root,root,0
58,60069416,"
University of Mataram
",1048,1048,879,Lombok Strait,Nusa Tenggara Barat,1,4/9/2023 11:43,4/9/2023 11:48,root,root,0
463,60106647,"
Institut Agama Islam Negeri Mataram
",7,7,2,Mataram,Nusa Tenggara Barat,1,4/9/2023 11:44,4/9/2023 11:58,root,root,0
147,60069430,"
University of Nusa Cendana
",284,284,244,"Kupang, Timor",Nusa Tenggara Timur,1,4/9/2023 11:43,4/9/2023 11:50,root,root,0
259,60110263,"
Politeknik Negeri Kupang
",94,94,62,"Kupang, Timor",Nusa Tenggara Timur,1,4/9/2023 11:43,4/9/2023 11:53,root,root,0
315,60108733,"
Politeknik Pertanian Negeri Kupang
",59,59,43,"Kupang, Timor",Nusa Tenggara Timur,1,4/9/2023 11:44,4/9/2023 11:55,root,root,0
122,60138502,"
Universitas Cenderawasih
",371,371,264,Jayapura,Papua,1,4/9/2023 11:43,4/9/2023 11:50,root,root,0
409,60175943,"
Health Polytechnic of the Ministry of Health Jayapura
",23,23,38,Jayapura,Papua,1,4/9/2023 11:44,4/9/2023 11:57,root,root,0
94,60112726,"
Universitas Musamus Merauke
",494,494,370,Merauke,Papua,1,4/9/2023 11:43,4/9/2023 11:49,root,root,0
430,60089133,"
Mitra Masyarakat Hospital, Indonesia
",15,15,2,Timika,Papua,1,4/9/2023 11:44,4/9/2023 11:57,root,root,0
257,60110934,"
Institut Agama Islam Negeri Sorong
",95,95,14,Sorong,Papua,1,4/9/2023 11:43,4/9/2023 11:53,root,root,0
374,60159655,"
Universitas Muhammadiyah Sorong
",34,34,28,Sorong,Papua,1,4/9/2023 11:44,4/9/2023 11:56,root,root,0
246,60089134,"
Public Health and Malaria Control Department, Papua
",107,107,8,Kuala Kencana,Papua,1,4/9/2023 11:43,4/9/2023 11:53,root,root,0
178,60107660,"
Politeknik Negeri Batam
",208,208,194,Batam,Riau,1,4/9/2023 11:43,4/9/2023 11:51,root,root,0
336,60120811,"
Universitas Riau Kepulauan
",48,48,37,Batam,Riau,1,4/9/2023 11:44,4/9/2023 11:55,root,root,0
394,60110788,"
Universitas Batam
",27,27,14,Batam,Riau,1,4/9/2023 11:44,4/9/2023 11:57,root,root,0
166,60108061,"
Universitas Maritim Raja Ali Haji
",238,238,225,Tanjung Pinang,Riau,1,4/9/2023 11:43,4/9/2023 11:51,root,root,0
30,60069417,"
Universitas Riau
",2334,2334,1834,Pekanbaru,Riau,1,4/9/2023 11:43,4/9/2023 11:47,root,root,0
97,60110622,"
Universitas Islam Riau
",470,470,295,Pekanbaru,Riau,1,4/9/2023 11:43,4/9/2023 11:49,root,root,0
171,60105931,"
Universitas Islam Negeri Sultan Syarif Kasim Riau
",226,226,232,Pekanbaru,Riau,1,4/9/2023 11:43,4/9/2023 11:51,root,root,0
250,60109493,"
Politeknik Caltex Riau
",105,105,65,Pekanbaru,Riau,1,4/9/2023 11:43,4/9/2023 11:53,root,root,0
343,60107815,"
Universitas Abdurrab
",45,45,41,Pekanbaru,Riau,1,4/9/2023 11:44,4/9/2023 11:55,root,root,0
392,60110621,"
Sekolah Tinggi Teknologi Pekanbaru
",29,29,21,Pekanbaru,Riau,1,4/9/2023 11:44,4/9/2023 11:57,root,root,0
405,60105933,"
STMIK Amik Riau
",24,24,17,Pekanbaru,Riau,1,4/9/2023 11:44,4/9/2023 11:57,root,root,0
390,60112409,"
Universitas Islam Indragiri
",29,29,27,Tembilahan Hulu,Riau,1,4/9/2023 11:44,4/9/2023 11:57,root,root,0
172,60112457,"
Universitas Sulawesi Barat
",225,225,150,Majene,Sulawesi Barat,1,4/9/2023 11:43,4/9/2023 11:51,root,root,0
468,60118390,"
Institut Parahikma Indonesia
",6,6,2,Gowa,Sulawesi Selatan,1,4/9/2023 11:44,4/9/2023 11:58,root,root,0
10,60069390,"
Hasanuddin University
",9682,9682,6627,Makassar,Sulawesi Selatan,1,4/9/2023 11:43,4/9/2023 11:47,root,root,0
44,60106582,"
Universitas Negeri Makassar
",1425,1425,983,Makassar,Sulawesi Selatan,1,4/9/2023 11:43,4/9/2023 11:48,root,root,0
91,60105202,"
Universitas Muslim Indonesia
",521,521,457,Makassar,Sulawesi Selatan,1,4/9/2023 11:43,4/9/2023 11:49,root,root,0
127,60104309,"
Politeknik Negeri Ujung Pandang
",338,338,170,Makassar,Sulawesi Selatan,1,4/9/2023 11:43,4/9/2023 11:50,root,root,0
131,60106635,"
UIN Alauddin Makassar
",324,324,359,Makassar,Sulawesi Selatan,1,4/9/2023 11:43,4/9/2023 11:50,root,root,0
161,60107264,"
Universitas Muhammadiyah Makassar
",255,255,174,Makassar,Sulawesi Selatan,1,4/9/2023 11:43,4/9/2023 11:51,root,root,0
230,60113108,"
Universitas Kristen Indonesia Paulus
",123,123,116,Makassar,Sulawesi Selatan,1,4/9/2023 11:43,4/9/2023 11:52,root,root,0
248,60111835,"
Fajar University
",105,105,60,Makassar,Sulawesi Selatan,1,4/9/2023 11:43,4/9/2023 11:53,root,root,0
263,60114219,"
Poltekkes Kemenkes Makassar
",88,88,89,Makassar,Sulawesi Selatan,1,4/9/2023 11:43,4/9/2023 11:53,root,root,0
311,60111125,"
STMIK AKBA
",61,61,20,Makassar,Sulawesi Selatan,1,4/9/2023 11:44,4/9/2023 11:55,root,root,0
313,60106669,"
	Sekolah Tinggi Ilmu Farmasi Makassar
",60,60,51,Makassar,Sulawesi Selatan,1,4/9/2023 11:44,4/9/2023 11:55,root,root,0
378,60196811,"
Universitas Indonesia Timur
",32,32,19,Makassar,Sulawesi Selatan,1,4/9/2023 11:44,4/9/2023 11:56,root,root,0
422,60114044,"
STMIK Dipanegara Makassar
",19,19,4,Makassar,Sulawesi Selatan,1,4/9/2023 11:44,4/9/2023 11:57,root,root,0
442,60123788,"
Politeknik Pariwisata Makassar
",12,12,7,Makassar,Sulawesi Selatan,1,4/9/2023 11:44,4/9/2023 11:58,root,root,0
293,60111697,"
Universitas Cokroaminoto Palopo
",73,73,42,Palopo,Sulawesi Selatan,1,4/9/2023 11:44,4/9/2023 11:54,root,root,0
324,60108763,"
Institut Agama Islam Negeri Palopo
",54,54,39,Palopo,Sulawesi Selatan,1,4/9/2023 11:44,4/9/2023 11:55,root,root,0
365,60138898,"
Universitas Kristen Indonesia Toraja
",37,37,43,Tana Toraja,Sulawesi Selatan,1,4/9/2023 11:44,4/9/2023 11:56,root,root,0
373,60203668,"
	Universitas Muhammadiyah Luwuk
",34,34,33,Luwuk,Sulawesi Tengah,1,4/9/2023 11:44,4/9/2023 11:56,root,root,0
42,60103784,"
Universitas Tadulako
",1444,1444,1273,Palu,Sulawesi Tengah,1,4/9/2023 11:43,4/9/2023 11:48,root,root,0
334,60165242,"
Universitas Muhammadiyah Palu
",49,49,28,Palu,Sulawesi Tengah,1,4/9/2023 11:44,4/9/2023 11:55,root,root,0
361,60110601,"
Institut Agama Islam Negeri Palu
",38,38,27,Palu,Sulawesi Tengah,1,4/9/2023 11:44,4/9/2023 11:56,root,root,0
37,60105203,"
Universitas Halu Oleo
",1841,1841,1563,Kendari,Sulawesi Tenggara,1,4/9/2023 11:43,4/9/2023 11:48,root,root,0
410,60112581,"
STIKES Mandala Waluya Kendari
",23,23,27,Kendari,Sulawesi Tenggara,1,4/9/2023 11:44,4/9/2023 11:57,root,root,0
45,60069399,"
Sam Ratulangi University
",1338,1338,918,Manado,Sulawesi Utara,1,4/9/2023 11:43,4/9/2023 11:48,root,root,0
233,60109240,"
Manado State University
",117,117,132,Manado,Sulawesi Utara,1,4/9/2023 11:43,4/9/2023 11:53,root,root,0
359,60113936,"
Institut Agama Islam Negeri Manado
",38,38,21,Manado,Sulawesi Utara,1,4/9/2023 11:44,4/9/2023 11:56,root,root,0
363,60109713,"
Universitas Katolik De La Salle
",37,37,39,Manado,Sulawesi Utara,1,4/9/2023 11:44,4/9/2023 11:56,root,root,0
323,60114336,"
Institut Agama Islam Negeri Bukittinggi
",54,54,57,Bukittinggi,Sumatera Barat,1,4/9/2023 11:44,4/9/2023 11:55,root,root,0
18,60069403,"
Universitas Andalas
",4533,4533,3214,Padang,Sumatera Barat,1,4/9/2023 11:43,4/9/2023 11:47,root,root,0
36,60105184,"
Universitas Negeri Padang
",1906,1906,1495,Padang,Sumatera Barat,1,4/9/2023 11:43,4/9/2023 11:48,root,root,0
112,60107787,"
Universitas Bung Hatta
",396,396,234,Padang,Sumatera Barat,1,4/9/2023 11:43,4/9/2023 11:49,root,root,0
150,60107220,"
Politeknik Negeri Padang
",281,281,175,Padang,Sumatera Barat,1,4/9/2023 11:43,4/9/2023 11:50,root,root,0
164,60108354,"
Universitas Putra Indonesia
",243,243,206,Padang,Sumatera Barat,1,4/9/2023 11:43,4/9/2023 11:51,root,root,0
226,60107221,"
Institute of Technology Padang
",128,128,97,Padang,Sumatera Barat,1,4/9/2023 11:43,4/9/2023 11:52,root,root,0
291,60108358,"
STKIP PGRI Sumbar
",74,74,67,Padang,Sumatera Barat,1,4/9/2023 11:44,4/9/2023 11:54,root,root,0
395,60108483,"
Politeknik ATI Padang
",27,27,22,Padang,Sumatera Barat,1,4/9/2023 11:44,4/9/2023 11:57,root,root,0
461,60108486,"
University of Ekasakti
",7,7,3,Padang,Sumatera Barat,1,4/9/2023 11:44,4/9/2023 11:58,root,root,0
292,60107905,"
Politeknik Pertanian Negeri Payakumbuh
",73,73,79,Payakumbuh,Sumatera Barat,1,4/9/2023 11:44,4/9/2023 11:54,root,root,0
23,60069405,"
Universitas Sriwijaya
",3507,3507,2668,Indralaya,Sumatera Selatan,1,4/9/2023 11:43,4/9/2023 11:47,root,root,0
140,60110258,"
Politeknik Negeri Sriwijaya
",300,300,306,Palembang,Sumatera Selatan,1,4/9/2023 11:43,4/9/2023 11:50,root,root,0
183,60110237,"
Universitas Muhammadiyah Palembang
",194,194,129,Palembang,Sumatera Selatan,1,4/9/2023 11:43,4/9/2023 11:51,root,root,0
205,60111846,"
Universitas Bina Darma
",155,155,103,Palembang,Sumatera Selatan,1,4/9/2023 11:43,4/9/2023 11:52,root,root,0
211,60110631,"
Universitas Islam Negeri Raden Fatah Palembang
",151,151,119,Palembang,Sumatera Selatan,1,4/9/2023 11:43,4/9/2023 11:52,root,root,0
235,60275725,"
Universitas Indo Global Mandiri
",115,115,65,Palembang,Sumatera Selatan,1,4/9/2023 11:43,4/9/2023 11:53,root,root,0
434,60110720,"
Universitas Katolik Musi Charitas
",14,14,14,Palembang,Sumatera Selatan,1,4/9/2023 11:44,4/9/2023 11:58,root,root,0
485,60109871,"
STIE Multi Data Palembang
",4,4,2,Palembang,Sumatera Selatan,1,4/9/2023 11:44,4/9/2023 11:59,root,root,0
231,60109309,"
Sekolah Tinggi Ilmu Manajemen Sukma
",122,122,12,Kota Medan,Sumatera Utara,1,4/9/2023 11:43,4/9/2023 11:52,root,root,0
12,60069397,"
Universitas Sumatera Utara
",8751,8740,5901,Medan,Sumatera Utara,1,4/9/2023 11:43,4/9/2023 11:47,root,root,0
52,60110725,"
Universitas Negeri Medan
",1143,1143,896,Medan,Sumatera Utara,1,4/9/2023 11:43,4/9/2023 11:48,root,root,0
102,60196812,"
Universitas Prima Indonesia
",433,433,413,Medan,Sumatera Utara,1,4/9/2023 11:43,4/9/2023 11:49,root,root,0
128,60112659,"
Universitas Muhammadiyah Sumatera Utara
",330,330,242,Medan,Sumatera Utara,1,4/9/2023 11:43,4/9/2023 11:50,root,root,0
129,60264374,"
Universitas Medan Area
",328,328,148,Medan,Sumatera Utara,1,4/9/2023 11:43,4/9/2023 11:50,root,root,0
153,60110257,"
Politeknik Negeri Medan
",276,276,103,Medan,Sumatera Utara,1,4/9/2023 11:43,4/9/2023 11:51,root,root,0
194,60111195,"
Universitas Pembangunan Panca Budi
",174,174,205,Medan,Sumatera Utara,1,4/9/2023 11:43,4/9/2023 11:52,root,root,0
209,60110865,"
Universitas Islam Negeri Sumatera Utara
",154,154,164,Medan,Sumatera Utara,1,4/9/2023 11:43,4/9/2023 11:52,root,root,0
245,60196813,"
Universitas Methodist Indonesia
",107,107,85,Medan,Sumatera Utara,1,4/9/2023 11:43,4/9/2023 11:53,root,root,0
252,60110898,"
Institut Teknologi Medan
",102,102,55,Medan,Sumatera Utara,1,4/9/2023 11:43,4/9/2023 11:53,root,root,0
267,60069434,"
Indonesian Oil and Palm Research Institute
",86,86,40,Medan,Sumatera Utara,1,4/9/2023 11:43,4/9/2023 11:53,root,root,0
312,60107012,"
Universitas Sari Mutiara Indonesia
",60,60,33,Medan,Sumatera Utara,1,4/9/2023 11:44,4/9/2023 11:55,root,root,0
338,60110950,"
STMIK IBBI
",48,48,17,Medan,Sumatera Utara,1,4/9/2023 11:44,4/9/2023 11:55,root,root,0
341,60108732,"
Universitas Islam Sumatera Utara
",46,46,26,Medan,Sumatera Utara,1,4/9/2023 11:44,4/9/2023 11:55,root,root,0
380,60274430,"
STMIK Triguna Dharma
",32,32,27,Medan,Sumatera Utara,1,4/9/2023 11:44,4/9/2023 11:56,root,root,0
391,60189250,"
Sekolah Tinggi Ilmu Kesehatan Senior Medan
",29,29,13,Medan,Sumatera Utara,1,4/9/2023 11:44,4/9/2023 11:57,root,root,0
440,60264379,"
Universitas Quality
",13,13,5,Medan,Sumatera Utara,1,4/9/2023 11:44,4/9/2023 11:58,root,root,0
447,60069398,"
University of North Sumatra Medical School
",11,11,5,Medan,Sumatera Utara,1,4/9/2023 11:44,4/9/2023 11:58,root,root,0
451,60165244,"
Universitas Efarina
",9,9,10,Pematang Siantar,Sumatera Utara,1,4/9/2023 11:44,4/9/2023 11:58,root,root,0
352,60110908,"
Sekolah Tinggi Teknologi Nasional, Yogyakarta
",42,42,22,Caturtunggal,Yogyakarta,1,4/9/2023 11:44,4/9/2023 11:56,root,root,0
377,60106417,"
AMIKOM Yogyakarta University
",33,33,9,"Condong Catur, Yogyakarta",Yogyakarta,1,4/9/2023 11:44,4/9/2023 11:56,root,root,0
243,60114890,"
Universitas 'Aisyiyah Yogyakarta
",110,110,102,Sleman,Yogyakarta,1,4/9/2023 11:43,4/9/2023 11:53,root,root,0
310,60110497,"
STIE YKPN School of Business
",62,62,25,Sleman,Yogyakarta,1,4/9/2023 11:44,4/9/2023 11:55,root,root,0
388,60159664,"
Poltekkes Kemenkes Yogyakarta
",30,30,36,Sleman,Yogyakarta,1,4/9/2023 11:44,4/9/2023 11:56,root,root,0
2,60069380,"
Universitas Gadjah Mada
",20535,20535,11973,Yogyakarta,Yogyakarta,1,4/9/2023 11:43,4/9/2023 11:47,root,root,0
21,60087601,"
Universitas Negeri Yogyakarta
",3652,3652,2673,Yogyakarta,Yogyakarta,1,4/9/2023 11:43,4/9/2023 11:47,root,root,0
26,60103698,"
Universitas Islam Indonesia
",2801,2785,1932,Yogyakarta,Yogyakarta,1,4/9/2023 11:43,4/9/2023 11:47,root,root,0
34,60104457,"
Universitas Muhammadiyah Yogyakarta
",2010,2010,1305,Yogyakarta,Yogyakarta,1,4/9/2023 11:43,4/9/2023 11:48,root,root,0
35,60103807,"
Universitas Ahmad Dahlan
",2009,2009,1033,Yogyakarta,Yogyakarta,1,4/9/2023 11:43,4/9/2023 11:48,root,root,0
68,60104977,"
Universitas Atma Jaya Yogyakarta
",751,751,463,Yogyakarta,Yogyakarta,1,4/9/2023 11:43,4/9/2023 11:48,root,root,0
71,60104447,"
Universitas Sanata Dharma
",689,689,392,Yogyakarta,Yogyakarta,1,4/9/2023 11:43,4/9/2023 11:48,root,root,0
88,60108120,"
Universitas Islam Negeri Sunan Kalijaga, Yogyakarta
",546,546,347,Yogyakarta,Yogyakarta,1,4/9/2023 11:43,4/9/2023 11:49,root,root,0
92,60106036,"
Universitas Pembangunan Nasional Veteran Yogyakarta
",511,511,422,Yogyakarta,Yogyakarta,1,4/9/2023 11:43,4/9/2023 11:49,root,root,0
98,60135980,"
Universitas Amikom Yogyakarta
",467,467,337,Yogyakarta,Yogyakarta,1,4/9/2023 11:43,4/9/2023 11:49,root,root,0
165,60110860,"
Universitas Sarjanawiyata Tamansiswa
",243,243,170,Yogyakarta,Yogyakarta,1,4/9/2023 11:43,4/9/2023 11:51,root,root,0
185,60110713,"
Universitas PGRI Yogyakarta
",193,193,153,Yogyakarta,Yogyakarta,1,4/9/2023 11:43,4/9/2023 11:51,root,root,0
198,60105156,"
Universitas Teknologi Yogyakarta
",164,164,67,Yogyakarta,Yogyakarta,1,4/9/2023 11:43,4/9/2023 11:52,root,root,0
204,60105059,"
Janabadra University
",158,158,110,Yogyakarta,Yogyakarta,1,4/9/2023 11:43,4/9/2023 11:52,root,root,0
247,60189105,"
Universitas Alma Ata
",105,105,84,Yogyakarta,Yogyakarta,1,4/9/2023 11:43,4/9/2023 11:53,root,root,0
254,60112783,"
Universitas Mercu Buana Yogyakarta
",101,101,84,Yogyakarta,Yogyakarta,1,4/9/2023 11:43,4/9/2023 11:53,root,root,0
256,60109705,"
Universitas Respati Yogyakarta
",95,95,78,Yogyakarta,Yogyakarta,1,4/9/2023 11:43,4/9/2023 11:53,root,root,0
299,60105101,"
AMCS Research Center
",70,70,2,Yogyakarta,Yogyakarta,1,4/9/2023 11:44,4/9/2023 11:54,root,root,0
329,60106666,"
Sekolah Tinggi Teknologi Adisutjipto
",51,51,26,Yogyakarta,Yogyakarta,1,4/9/2023 11:44,4/9/2023 11:55,root,root,0
372,60087566,"
Yogyakarta Animal Disease Investigation Centre
",35,35,20,Yogyakarta,Yogyakarta,1,4/9/2023 11:44,4/9/2023 11:56,root,root,0
425,60110811,"
Sekolah Tinggi Pariwisata Ambarrukmo
",18,18,14,Yogyakarta,Yogyakarta,1,4/9/2023 11:44,4/9/2023 11:57,root,root,0
428,60069444,"
Rockefeller Foundation in Indonesia
",16,16,2,Yogyakarta,Yogyakarta,1,4/9/2023 11:44,4/9/2023 11:57,root,root,0
460,60204034,"
Universitas Widya Mataram
",8,8,9,Yogyakarta,Yogyakarta,1,4/9/2023 11:44,4/9/2023 11:58,root,root,0
471,60171657,"
Sekolah Tinggi Maritim Yogyakarta
",6,6,14,Yogyakarta,Yogyakarta,1,4/9/2023 11:44,4/9/2023 11:58,root,root,0
494,60171656,"
Sekolah Tinggi Multi Media MMTC Yogyakarta
",3,3,2,Yogyakarta,Yogyakarta,1,4/9/2023 11:44,4/9/2023 11:59,root,root,0
258,60206558,"
STIKOM Tunas Bangsa
",95,95,51,Pematangsiantar,Yogyakarta,1,4/9/2023 11:43,4/9/2023 11:53,root,root,0
